date,band,share,items_covered,weight_covered
2019-01,Deflation,8.0472,251,94.9233
2019-01,0–4%,41.6239,251,94.9233
2019-01,4–8%,39.9746,251,94.9233
2019-01,Above 8%,10.3543,251,94.9233
2019-02,Deflation,7.7672,251,94.9233
2019-02,0–4%,51.0999,251,94.9233
2019-02,4–8%,30.9850,251,94.9233
2019-02,Above 8%,10.1479,251,94.9233
2019-03,Deflation,10.5889,251,94.9233
2019-03,0–4%,43.8177,251,94.9233
2019-03,4–8%,33.1992,251,94.9233
2019-03,Above 8%,12.3942,251,94.9233
2019-04,Deflation,8.0705,251,94.9233
2019-04,0–4%,42.5622,251,94.9233
2019-04,4–8%,38.1767,251,94.9233
2019-04,Above 8%,11.1906,251,94.9233
2019-05,Deflation,7.5268,251,94.9233
2019-05,0–4%,39.7383,251,94.9233
2019-05,4–8%,43.0800,251,94.9233
2019-05,Above 8%,9.6548,251,94.9233
2019-06,Deflation,7.0145,251,94.9233
2019-06,0–4%,40.2824,251,94.9233
2019-06,4–8%,47.8066,251,94.9233
2019-06,Above 8%,4.8965,251,94.9233
2019-07,Deflation,7.0138,251,94.9233
2019-07,0–4%,44.1287,251,94.9233
2019-07,4–8%,43.1259,251,94.9233
2019-07,Above 8%,5.7317,251,94.9233
2019-08,Deflation,6.7753,251,94.9233
2019-08,0–4%,50.8996,251,94.9233
2019-08,4–8%,35.7154,251,94.9233
2019-08,Above 8%,6.6098,251,94.9233
2019-09,Deflation,6.8373,251,94.9233
2019-09,0–4%,49.0636,251,94.9233
2019-09,4–8%,37.1054,251,94.9233
2019-09,Above 8%,6.9936,251,94.9233
2019-10,Deflation,13.0149,251,94.9233
2019-10,0–4%,44.4420,251,94.9233
2019-10,4–8%,37.6078,251,94.9233
2019-10,Above 8%,4.9352,251,94.9233
2019-11,Deflation,13.1284,251,94.9233
2019-11,0–4%,41.6390,251,94.9233
2019-11,4–8%,39.8338,251,94.9233
2019-11,Above 8%,5.3988,251,94.9233
2019-12,Deflation,7.1845,251,94.9233
2019-12,0–4%,51.1355,251,94.9233
2019-12,4–8%,37.1745,251,94.9233
2019-12,Above 8%,4.5054,251,94.9233
2020-01,Deflation,6.5492,251,94.9233
2020-01,0–4%,52.0164,251,94.9233
2020-01,4–8%,36.5034,251,94.9233
2020-01,Above 8%,4.9310,251,94.9233
2020-02,Deflation,5.8356,251,94.9233
2020-02,0–4%,52.3299,251,94.9233
2020-02,4–8%,35.9662,251,94.9233
2020-02,Above 8%,5.8683,251,94.9233
2020-03,Deflation,11.8687,251,94.9233
2020-03,0–4%,45.3757,251,94.9233
2020-03,4–8%,36.9661,251,94.9233
2020-03,Above 8%,5.7895,251,94.9233
2020-04,Deflation,12.5449,251,94.9233
2020-04,0–4%,44.3718,251,94.9233
2020-04,4–8%,36.3585,251,94.9233
2020-04,Above 8%,6.7248,251,94.9233
2020-05,Deflation,16.6370,251,94.9233
2020-05,0–4%,42.4267,251,94.9233
2020-05,4–8%,32.3352,251,94.9233
2020-05,Above 8%,8.6012,251,94.9233
2020-06,Deflation,14.3608,251,94.9233
2020-06,0–4%,41.0610,251,94.9233
2020-06,4–8%,35.8426,251,94.9233
2020-06,Above 8%,8.7356,251,94.9233
2020-07,Deflation,12.6069,251,94.9233
2020-07,0–4%,43.3120,251,94.9233
2020-07,4–8%,32.6749,251,94.9233
2020-07,Above 8%,11.4062,251,94.9233
2020-08,Deflation,10.5101,251,94.9233
2020-08,0–4%,42.3330,251,94.9233
2020-08,4–8%,36.0996,251,94.9233
2020-08,Above 8%,11.0573,251,94.9233
2020-09,Deflation,10.2906,251,94.9233
2020-09,0–4%,45.3191,251,94.9233
2020-09,4–8%,33.8184,251,94.9233
2020-09,Above 8%,10.5719,251,94.9233
2020-10,Deflation,10.7406,251,94.9233
2020-10,0–4%,47.3815,251,94.9233
2020-10,4–8%,31.8479,251,94.9233
2020-10,Above 8%,10.0300,251,94.9233
2020-11,Deflation,13.5385,251,94.9233
2020-11,0–4%,44.5399,251,94.9233
2020-11,4–8%,33.0387,251,94.9233
2020-11,Above 8%,8.8830,251,94.9233
2020-12,Deflation,11.5963,251,94.9233
2020-12,0–4%,43.8479,251,94.9233
2020-12,4–8%,35.8367,251,94.9233
2020-12,Above 8%,8.7190,251,94.9233
2021-01,Deflation,9.6791,251,94.9233
2021-01,0–4%,46.8450,251,94.9233
2021-01,4–8%,35.3370,251,94.9233
2021-01,Above 8%,8.1390,251,94.9233
2021-02,Deflation,6.4212,251,94.9233
2021-02,0–4%,49.6781,251,94.9233
2021-02,4–8%,33.7641,251,94.9233
2021-02,Above 8%,10.1366,251,94.9233
2021-03,Deflation,3.9163,251,94.9233
2021-03,0–4%,42.6428,251,94.9233
2021-03,4–8%,35.5962,251,94.9233
2021-03,Above 8%,17.8446,251,94.9233
2021-04,Deflation,3.7647,251,94.9233
2021-04,0–4%,41.0438,251,94.9233
2021-04,4–8%,37.4209,251,94.9233
2021-04,Above 8%,17.7706,251,94.9233
2021-05,Deflation,4.9594,251,94.9233
2021-05,0–4%,37.7926,251,94.9233
2021-05,4–8%,34.5178,251,94.9233
2021-05,Above 8%,22.7302,251,94.9233
2021-06,Deflation,4.0993,251,94.9233
2021-06,0–4%,38.2332,251,94.9233
2021-06,4–8%,35.8856,251,94.9233
2021-06,Above 8%,21.7819,251,94.9233
2021-07,Deflation,3.3454,251,94.9233
2021-07,0–4%,41.7572,251,94.9233
2021-07,4–8%,31.9015,251,94.9233
2021-07,Above 8%,22.9958,251,94.9233
2021-08,Deflation,2.6120,251,94.9233
2021-08,0–4%,39.3480,251,94.9233
2021-08,4–8%,34.9008,251,94.9233
2021-08,Above 8%,23.1392,251,94.9233
2021-09,Deflation,1.9867,251,94.9233
2021-09,0–4%,39.5753,251,94.9233
2021-09,4–8%,34.2610,251,94.9233
2021-09,Above 8%,24.1770,251,94.9233
2021-10,Deflation,2.1136,251,94.9233
2021-10,0–4%,37.7727,251,94.9233
2021-10,4–8%,35.0698,251,94.9233
2021-10,Above 8%,25.0439,251,94.9233
2021-11,Deflation,1.7815,251,94.9233
2021-11,0–4%,34.5210,251,94.9233
2021-11,4–8%,35.1135,251,94.9233
2021-11,Above 8%,28.5839,251,94.9233
2021-12,Deflation,1.1903,251,94.9233
2021-12,0–4%,37.5971,251,94.9233
2021-12,4–8%,27.1904,251,94.9233
2021-12,Above 8%,34.0222,251,94.9233
2022-01,Deflation,3.0737,251,94.9233
2022-01,0–4%,33.5480,251,94.9233
2022-01,4–8%,27.6836,251,94.9233
2022-01,Above 8%,35.6946,251,94.9233
2022-02,Deflation,3.1754,251,94.9233
2022-02,0–4%,30.2200,251,94.9233
2022-02,4–8%,33.5491,251,94.9233
2022-02,Above 8%,33.0555,251,94.9233
2022-03,Deflation,1.7288,251,94.9233
2022-03,0–4%,31.2473,251,94.9233
2022-03,4–8%,28.7339,251,94.9233
2022-03,Above 8%,38.2900,251,94.9233
2022-04,Deflation,1.9564,251,94.9233
2022-04,0–4%,30.7949,251,94.9233
2022-04,4–8%,26.9856,251,94.9233
2022-04,Above 8%,40.2631,251,94.9233
2022-05,Deflation,1.6748,251,94.9233
2022-05,0–4%,30.4664,251,94.9233
2022-05,4–8%,25.4006,251,94.9233
2022-05,Above 8%,42.4582,251,94.9233
2022-06,Deflation,3.3878,251,94.9233
2022-06,0–4%,27.9700,251,94.9233
2022-06,4–8%,24.5538,251,94.9233
2022-06,Above 8%,44.0884,251,94.9233
2022-07,Deflation,3.6221,251,94.9233
2022-07,0–4%,26.0685,251,94.9233
2022-07,4–8%,24.1943,251,94.9233
2022-07,Above 8%,46.1151,251,94.9233
2022-08,Deflation,2.4714,251,94.9233
2022-08,0–4%,26.3562,251,94.9233
2022-08,4–8%,24.0686,251,94.9233
2022-08,Above 8%,47.1038,251,94.9233
2022-09,Deflation,5.7629,251,94.9233
2022-09,0–4%,22.7381,251,94.9233
2022-09,4–8%,23.3583,251,94.9233
2022-09,Above 8%,48.1407,251,94.9233
2022-10,Deflation,4.4499,251,94.9233
2022-10,0–4%,23.8349,251,94.9233
2022-10,4–8%,16.6270,251,94.9233
2022-10,Above 8%,55.0882,251,94.9233
2022-11,Deflation,5.9772,251,94.9233
2022-11,0–4%,23.1616,251,94.9233
2022-11,4–8%,18.8596,251,94.9233
2022-11,Above 8%,52.0015,251,94.9233
2022-12,Deflation,5.8145,251,94.9233
2022-12,0–4%,23.2327,251,94.9233
2022-12,4–8%,27.5941,251,94.9233
2022-12,Above 8%,43.3588,251,94.9233
2023-01,Deflation,5.4659,251,94.9233
2023-01,0–4%,22.2801,251,94.9233
2023-01,4–8%,28.8440,251,94.9233
2023-01,Above 8%,43.4100,251,94.9233
2023-02,Deflation,5.0426,251,94.9233
2023-02,0–4%,22.2565,251,94.9233
2023-02,4–8%,29.5831,251,94.9233
2023-02,Above 8%,43.1178,251,94.9233
2023-03,Deflation,5.3958,251,94.9233
2023-03,0–4%,27.0099,251,94.9233
2023-03,4–8%,25.2916,251,94.9233
2023-03,Above 8%,42.3027,251,94.9233
2023-04,Deflation,6.8570,251,94.9233
2023-04,0–4%,28.2941,251,94.9233
2023-04,4–8%,27.3625,251,94.9233
2023-04,Above 8%,37.4864,251,94.9233
2023-05,Deflation,6.7935,251,94.9233
2023-05,0–4%,31.7979,251,94.9233
2023-05,4–8%,23.3446,251,94.9233
2023-05,Above 8%,38.0640,251,94.9233
2023-06,Deflation,8.8009,251,94.9233
2023-06,0–4%,30.8708,251,94.9233
2023-06,4–8%,25.5193,251,94.9233
2023-06,Above 8%,34.8089,251,94.9233
2023-07,Deflation,7.3201,251,94.9233
2023-07,0–4%,36.4277,251,94.9233
2023-07,4–8%,22.9782,251,94.9233
2023-07,Above 8%,33.2739,251,94.9233
2023-08,Deflation,8.0838,251,94.9233
2023-08,0–4%,35.2359,251,94.9233
2023-08,4–8%,26.9577,251,94.9233
2023-08,Above 8%,29.7226,251,94.9233
2023-09,Deflation,8.6762,251,94.9233
2023-09,0–4%,37.2160,251,94.9233
2023-09,4–8%,28.2940,251,94.9233
2023-09,Above 8%,25.8138,251,94.9233
2023-10,Deflation,12.0689,251,94.9233
2023-10,0–4%,36.0998,251,94.9233
2023-10,4–8%,31.7707,251,94.9233
2023-10,Above 8%,20.0606,251,94.9233
2023-11,Deflation,10.5740,251,94.9233
2023-11,0–4%,37.9052,251,94.9233
2023-11,4–8%,41.0266,251,94.9233
2023-11,Above 8%,10.4942,251,94.9233
2023-12,Deflation,9.8864,251,94.9233
2023-12,0–4%,38.2438,251,94.9233
2023-12,4–8%,38.6026,251,94.9233
2023-12,Above 8%,13.2671,251,94.9233
2024-01,Deflation,11.8259,251,94.9233
2024-01,0–4%,42.8623,251,94.9233
2024-01,4–8%,37.7773,251,94.9233
2024-01,Above 8%,7.5345,251,94.9233
2024-02,Deflation,12.0800,251,94.9233
2024-02,0–4%,40.0046,251,94.9233
2024-02,4–8%,40.1639,251,94.9233
2024-02,Above 8%,7.7515,251,94.9233
2024-03,Deflation,9.8027,251,94.9233
2024-03,0–4%,42.7860,251,94.9233
2024-03,4–8%,39.7252,251,94.9233
2024-03,Above 8%,7.6861,251,94.9233
2024-04,Deflation,9.6323,251,94.9233
2024-04,0–4%,41.9011,251,94.9233
2024-04,4–8%,41.4038,251,94.9233
2024-04,Above 8%,7.0628,251,94.9233
2024-05,Deflation,7.3229,251,94.9233
2024-05,0–4%,46.5959,251,94.9233
2024-05,4–8%,38.6079,251,94.9233
2024-05,Above 8%,7.4733,251,94.9233
2024-06,Deflation,5.8683,251,94.9233
2024-06,0–4%,48.4013,251,94.9233
2024-06,4–8%,37.7613,251,94.9233
2024-06,Above 8%,7.9691,251,94.9233
2024-07,Deflation,5.8546,251,94.9233
2024-07,0–4%,41.2826,251,94.9233
2024-07,4–8%,43.8072,251,94.9233
2024-07,Above 8%,9.0556,251,94.9233
2024-08,Deflation,5.6018,251,94.9233
2024-08,0–4%,41.6224,251,94.9233
2024-08,4–8%,43.4375,251,94.9233
2024-08,Above 8%,9.3383,251,94.9233
2024-09,Deflation,5.3884,251,94.9233
2024-09,0–4%,46.0925,251,94.9233
2024-09,4–8%,40.1312,251,94.9233
2024-09,Above 8%,8.3879,251,94.9233
2024-10,Deflation,3.7806,251,94.9233
2024-10,0–4%,45.4354,251,94.9233
2024-10,4–8%,42.4044,251,94.9233
2024-10,Above 8%,8.3795,251,94.9233
2024-11,Deflation,5.1446,251,94.9233
2024-11,0–4%,44.0905,251,94.9233
2024-11,4–8%,44.7312,251,94.9233
2024-11,Above 8%,6.0337,251,94.9233
2024-12,Deflation,6.5630,251,94.9233
2024-12,0–4%,42.1267,251,94.9233
2024-12,4–8%,38.4120,251,94.9233
2024-12,Above 8%,12.8983,251,94.9233
2025-01,Deflation,9.0686,251,94.9233
2025-01,0–4%,36.5970,251,94.9233
2025-01,4–8%,42.0907,251,94.9233
2025-01,Above 8%,12.2437,251,94.9233
2025-02,Deflation,8.5986,251,94.9233
2025-02,0–4%,40.2287,251,94.9233
2025-02,4–8%,37.4656,251,94.9233
2025-02,Above 8%,13.7071,251,94.9233
2025-03,Deflation,6.5164,251,94.9233
2025-03,0–4%,51.3986,251,94.9233
2025-03,4–8%,30.3526,251,94.9233
2025-03,Above 8%,11.7324,251,94.9233
2025-04,Deflation,6.1244,251,94.9233
2025-04,0–4%,48.1217,251,94.9233
2025-04,4–8%,32.0954,251,94.9233
2025-04,Above 8%,13.6585,251,94.9233
2025-05,Deflation,6.4848,251,94.9233
2025-05,0–4%,44.1148,251,94.9233
2025-05,4–8%,32.2173,251,94.9233
2025-05,Above 8%,17.1831,251,94.9233
2025-06,Deflation,12.4516,251,94.9233
2025-06,0–4%,38.2218,251,94.9233
2025-06,4–8%,32.2592,251,94.9233
2025-06,Above 8%,17.0674,251,94.9233
2025-07,Deflation,12.7285,251,94.9233
2025-07,0–4%,40.9171,251,94.9233
2025-07,4–8%,33.2160,251,94.9233
2025-07,Above 8%,13.1384,251,94.9233
2025-08,Deflation,12.2637,251,94.9233
2025-08,0–4%,43.5209,251,94.9233
2025-08,4–8%,31.3277,251,94.9233
2025-08,Above 8%,12.8877,251,94.9233
2025-09,Deflation,12.4556,251,94.9233
2025-09,0–4%,43.3949,251,94.9233
2025-09,4–8%,30.1770,251,94.9233
2025-09,Above 8%,13.9724,251,94.9233
2025-10,Deflation,12.2224,251,94.9233
2025-10,0–4%,40.9943,251,94.9233
2025-10,4–8%,34.3164,251,94.9233
2025-10,Above 8%,12.4669,251,94.9233
2025-11,Deflation,12.5969,251,94.9233
2025-11,0–4%,39.0238,251,94.9233
2025-11,4–8%,34.8408,251,94.9233
2025-11,Above 8%,13.5385,251,94.9233
2025-12,Deflation,13.3109,251,94.9233
2025-12,0–4%,39.9209,251,94.9233
2025-12,4–8%,35.4876,251,94.9233
2025-12,Above 8%,11.2807,251,94.9233
2026-01,Deflation,14.8611,251,94.9233
2026-01,0–4%,42.3792,251,94.9233
2026-01,4–8%,28.1576,251,94.9233
2026-01,Above 8%,14.6022,251,94.9233
2026-02,Deflation,14.5878,251,94.9233
2026-02,0–4%,41.4350,251,94.9233
2026-02,4–8%,27.7480,251,94.9233
2026-02,Above 8%,16.2292,251,94.9233
2026-03,Deflation,12.2282,251,94.9233
2026-03,0–4%,41.4265,251,94.9233
2026-03,4–8%,29.8623,251,94.9233
2026-03,Above 8%,16.4830,251,94.9233
2026-04,Deflation,8.7337,251,94.9233
2026-04,0–4%,46.1759,251,94.9233
2026-04,4–8%,30.0464,251,94.9233
2026-04,Above 8%,15.0440,251,94.9233
2026-05,Deflation,9.4722,251,94.9233
2026-05,0–4%,47.6547,251,94.9233
2026-05,4–8%,29.7629,251,94.9233
2026-05,Above 8%,13.1103,251,94.9233
2026-06,Deflation,10.7636,251,94.9233
2026-06,0–4%,47.4664,251,94.9233
2026-06,4–8%,28.7600,251,94.9233
2026-06,Above 8%,13.0100,251,94.9233
2026-07,Deflation,12.6783,251,94.9233
2026-07,0–4%,48.4628,251,94.9233
2026-07,4–8%,27.0170,251,94.9233
2026-07,Above 8%,11.8419,251,94.9233
2026-08,Deflation,14.1568,251,94.9233
2026-08,0–4%,48.2296,251,94.9233
2026-08,4–8%,31.0757,251,94.9233
2026-08,Above 8%,6.5379,251,94.9233
