code,item,weight,annual_change,band
061,Cebolla,0.2399,66.7130,Above 8%
073,Papa y otros tubérculos,0.3213,44.0524,Above 8%
102,Concentrados para refrescos,0.0234,42.8904,Above 8%
109,Cigarrillos,0.6243,20.1031,Above 8%
048,Limón,0.0981,13.0746,Above 8%
057,Uva,0.0548,12.5340,Above 8%
248,Cine,0.1491,11.5666,Above 8%
075,Pepino,0.0572,11.2307,Above 8%
096,Café soluble,0.1305,11.2149,Above 8%
064,Chile seco,0.0491,10.9508,Above 8%
213,Gasolina de alto octanaje,0.5053,10.9203,Above 8%
049,Manzana,0.2066,10.7566,Above 8%
025,Vísceras de res,0.0336,10.5396,Above 8%
100,Refrescos envasados,1.2335,10.4591,Above 8%
263,Barbacoa o birria,0.2237,10.3649,Above 8%
224,Colectivo,1.5995,10.2137,Above 8%
215,Lavado y engrasado de automóvil,0.0711,8.8665,Above 8%
086,"Helados, nieves y paletas de hielo",0.0571,8.8149,Above 8%
095,Jugos o néctares envasados,0.1739,8.7158,Above 8%
132,Servicio de tintorería,0.0613,8.6316,Above 8%
059,Otras frutas,0.2437,8.5907,Above 8%
287,"Relojes, joyas y bisutería",0.0490,8.0632,Above 8%
193,Medicamentos para diabetes,0.1607,7.8737,4–8%
265,"Loncherías, fondas, torterías y taquerías",5.0479,7.8570,4–8%
292,Servicios profesionales,0.2447,7.6850,4–8%
212,Aceites lubricantes,0.0895,7.6597,4–8%
219,Estacionamiento,0.0331,7.3188,4–8%
190,Expectorantes y descongestivos,0.0385,7.3150,4–8%
223,Autobús urbano,0.7586,7.2826,4–8%
097,Café tostado,0.0420,7.2790,4–8%
131,Servicio de lavandería,0.1258,7.1258,4–8%
289,Guarderías y estancias infantiles,0.0335,7.0451,4–8%
220,Trámites vehiculares,0.1430,6.9429,4–8%
099,Agua embotellada,0.4590,6.7930,4–8%
256,Preescolar,0.1549,6.7725,4–8%
257,Primaria,0.4389,6.7497,4–8%
222,Autobús foráneo,0.4690,6.7241,4–8%
282,Productos para el cabello,0.6769,6.6887,4–8%
258,Secundaria,0.1934,6.3758,4–8%
229,Computadoras,0.1505,6.3551,4–8%
259,Preparatoria,0.4026,6.2298,4–8%
225,Taxi,0.9744,6.1606,4–8%
142,Derechos por el suministro de agua,0.8198,6.0865,4–8%
185,Antibióticos,0.1490,6.0546,4–8%
030,Crema y otros productos a base de leche,0.1761,6.0429,4–8%
270,Hoteles,0.1738,6.0423,4–8%
245,Club deportivo,0.1014,5.9792,4–8%
271,Seguro de automóvil,0.2378,5.9004,4–8%
103,Brandy,0.0865,5.8762,4–8%
253,Periódicos y revistas,0.0168,5.8340,4–8%
260,Universidad,1.1334,5.7157,4–8%
285,Corte de cabello,0.4629,5.6543,4–8%
209,Acumuladores,0.0383,5.6396,4–8%
268,Restaurantes y similares,2.8006,5.6371,4–8%
147,Colchones,0.1633,5.6357,4–8%
183,Servicio doméstico,0.9747,5.6061,4–8%
216,Mantenimiento de automóvil,0.2894,5.5620,4–8%
186,Antigripales,0.0771,5.5275,4–8%
178,Jabón para lavar,0.1907,5.5214,4–8%
010,Pan dulce,0.5795,5.4605,4–8%
202,Hospitalización general,0.7084,5.4501,4–8%
050,Melón,0.0491,5.1834,4–8%
034,Leche pasteurizada y fresca,0.9891,5.0601,4–8%
194,Medicinas homeopáticas y naturistas,0.0400,5.0324,4–8%
198,"Lentes, aparatos para sordera y ortopédicos",0.1821,5.0284,4–8%
125,Uniformes escolares,0.1909,5.0128,4–8%
291,Servicios funerarios,0.2855,4.9959,4–8%
191,Gastrointestinales,0.0707,4.9126,4–8%
217,Reparación de automóvil,0.1176,4.8865,4–8%
013,Pastelillos y pasteles a granel,0.0770,4.8727,4–8%
203,Hospitalización parto,0.1015,4.8225,4–8%
269,Otros alimentos cocinados,2.1484,4.8208,4–8%
204,Operación quirúrgica,0.4456,4.8149,4–8%
262,Enseñanza adicional,0.1354,4.7987,4–8%
199,Consulta médica,0.5970,4.7073,4–8%
088,Concentrados de pollo y sal,0.0523,4.7014,4–8%
200,Consulta y prótesis dental,0.2090,4.6992,4–8%
008,Pan blanco,0.2690,4.5120,4–8%
201,Atención médica durante el parto,0.1048,4.5023,4–8%
236,Servicio de televisión de paga,0.2857,4.4425,4–8%
004,Galletas,0.2348,4.4039,4–8%
275,Cremas para la piel,0.3388,4.3982,4–8%
196,Otros medicamentos,0.3441,4.3884,4–8%
108,Cerveza,0.7681,4.3836,4–8%
218,Cuotas de autopistas,0.0583,4.2795,4–8%
280,Pañales,0.3848,4.2208,4–8%
173,Blanqueadores,0.2854,4.1769,4–8%
274,Crema y productos para higiene dental,0.4390,4.1259,4–8%
254,Material escolar,0.4486,4.1024,4–8%
094,Otros condimentos,0.0291,4.0135,4–8%
121,Ropa interior para mujer,0.0908,3.9848,0–4%
062,Chayote,0.1292,3.9681,0–4%
058,Otras conservas de frutas,0.0173,3.9564,0–4%
179,Plaguicidas,0.1131,3.9462,0–4%
018,Carne de res,1.7028,3.9352,0–4%
042,Aceites y grasas vegetales comestibles,0.3499,3.9322,0–4%
032,Leche en polvo,0.0505,3.8440,0–4%
240,Juguetes y juegos de mesa,0.1479,3.8230,0–4%
184,Analgésicos,0.1310,3.7962,0–4%
012,"Pasteles, pastelillos y pan dulce empaquetado",0.0671,3.7938,0–4%
104,Ron,0.1643,3.7124,0–4%
188,Cardiovasculares,0.1216,3.6878,0–4%
227,Transporte aéreo,0.2776,3.6682,0–4%
007,Masa y harinas de maíz,0.1312,3.6551,0–4%
290,Expedición de documentos del sector público,0.0816,3.6519,0–4%
144,Electricidad,1.1235,3.6381,0–4%
251,Libros de texto,0.1546,3.5770,0–4%
197,Material de curación,0.1448,3.5501,0–4%
036,Queso amarillo,0.0191,3.5445,0–4%
089,Gelatina en polvo,0.0201,3.5253,0–4%
138,Renta de vivienda,2.7889,3.4918,0–4%
026,Atún y sardina en lata,0.1277,3.4912,0–4%
261,Carrera corta,0.0287,3.4860,0–4%
067,Ejotes,0.0327,3.4753,0–4%
192,Medicamentos para alergias,0.0260,3.4374,0–4%
151,Recámaras,0.0788,3.4139,0–4%
039,Queso Oaxaca y asadero,0.2097,3.3863,0–4%
187,Antiinflamatorios,0.0529,3.3832,0–4%
278,Lociones y perfumes,0.3989,3.3740,0–4%
135,Zapatos para mujer,0.1854,3.3440,0–4%
020,Chorizo,0.2666,3.3424,0–4%
189,Dermatológicos,0.0159,3.3274,0–4%
205,Análisis clínicos,0.2820,3.3006,0–4%
139,Vivienda propia,13.7742,3.2762,0–4%
093,Sopas instantáneas y puré de tomate,0.0223,3.2420,0–4%
016,Tostadas,0.1093,3.2380,0–4%
003,Cereales en hojuelas,0.1386,3.2306,0–4%
152,Salas,0.0603,3.2202,0–4%
044,Mantequilla,0.0293,3.2111,0–4%
074,Papas fritas,0.0542,3.2016,0–4%
252,Otros libros,0.0415,3.1798,0–4%
082,Azúcar,0.2509,3.1647,0–4%
037,Queso fresco,0.2592,3.0693,0–4%
180,Servilletas de papel,0.1629,2.9666,0–4%
288,Bolsas y mochilas,0.1057,2.9476,0–4%
177,"Escobas, fibras y estropajos",0.1846,2.9471,0–4%
267,Pollos rostizados,0.6521,2.9252,0–4%
284,Otros artículos de tocador,0.1264,2.9144,0–4%
040,Otros quesos,0.1988,2.9093,0–4%
014,Tortilla de maíz,1.8672,2.9051,0–4%
117,Pantalones para mujer,0.2825,2.8936,0–4%
136,Zapatos para niños y niñas,0.1579,2.8901,0–4%
171,Pilas,0.0297,2.8652,0–4%
264,Carnitas,0.1991,2.7933,0–4%
181,Suavizantes y limpiadores,0.7520,2.7529,0–4%
114,Camisas y playeras para hombre,0.2859,2.7168,0–4%
175,Desodorantes ambientales,0.1017,2.7028,0–4%
118,Pantalones para niño,0.1167,2.6456,0–4%
134,Zapatos para hombre,0.1821,2.6141,0–4%
279,Navajas y máquinas de afeitar,0.1812,2.6106,0–4%
238,Material y aparatos fotográficos,0.0147,2.5830,0–4%
195,Nutricionales,0.1262,2.5685,0–4%
273,Artículos de maquillaje,0.1457,2.5550,0–4%
168,Utensilios de plástico para el hogar,0.0429,2.5482,0–4%
128,Otras prendas de vestir para hombre,0.0247,2.5076,0–4%
123,Ropa para bebés,0.1783,2.4952,0–4%
015,Tortillas de harina de trigo,0.1037,2.4864,0–4%
221,Metro o transporte eléctrico,0.0867,2.4822,0–4%
116,Pantalones para hombre,0.3616,2.4692,0–4%
163,Licuadoras,0.0333,2.4400,0–4%
281,Papel higiénico y pañuelos desechables,0.7466,2.4195,0–4%
124,Traje para hombre,0.0322,2.4117,0–4%
211,"Partes, accesorios y otras refacciones para vehículos",0.0477,2.2946,0–4%
019,"Carnes secas, procesadas y otros embutidos",0.2049,2.2516,0–4%
056,Sandía,0.0385,2.2414,0–4%
176,Detergentes,0.9387,2.2096,0–4%
266,Pizzas,0.3068,2.1890,0–4%
164,Planchas eléctricas,0.0119,2.1852,0–4%
127,"Vestidos, faldas y pantalones para niñas",0.2287,2.1137,0–4%
174,Cerillos,0.0395,2.0829,0–4%
106,Otros licores,0.0812,2.0612,0–4%
115,Camisas y playeras para niños,0.1016,2.0262,0–4%
133,Sandalias y huaraches,0.0762,1.9944,0–4%
169,Focos,0.0799,1.9070,0–4%
283,Toallas sanitarias,0.2257,1.8981,0–4%
167,"Loza, cristalería y cubiertos",0.0530,1.8712,0–4%
111,"Calcetas, medias y pantimedias",0.0124,1.8195,0–4%
047,Guayaba,0.0598,1.6731,0–4%
029,Otros pescados y mariscos en conserva,0.0454,1.5762,0–4%
243,Alimento para mascotas,0.3687,1.5533,0–4%
120,Ropa interior para hombre,0.0440,1.5326,0–4%
150,Muebles para cocina,0.0304,1.5139,0–4%
112,Calcetines y calcetas para hombre,0.0200,1.4860,0–4%
110,Blusas y playeras para mujer,0.2173,1.4206,0–4%
024,Tocino,0.0238,1.4145,0–4%
077,Verduras envasadas,0.0732,1.4112,0–4%
255,Servicios turísticos en paquete,0.1911,1.4079,0–4%
182,Velas y veladoras,0.0810,1.3839,0–4%
009,Pan de caja,0.1956,1.3522,0–4%
119,Ropa de abrigo,0.3039,1.2584,0–4%
023,Salchichas,0.1577,1.2557,0–4%
126,Vestidos y faldas para mujer,0.1319,1.1426,0–4%
276,Desodorantes personales,0.4465,1.0059,0–4%
277,Jabón de tocador,0.3730,0.9967,0–4%
041,Yogurt,0.1273,0.9568,0–4%
129,Otras prendas de vestir para mujer,0.0401,0.9556,0–4%
011,Pasta para sopa,0.1683,0.9408,0–4%
234,Servicio de internet,0.4386,0.9172,0–4%
166,Baterías de cocina,0.0551,0.9123,0–4%
122,"Ropa interior para niños, niñas y adolescentes",0.0401,0.8441,0–4%
107,Vino de mesa,0.2702,0.8193,0–4%
113,Calcetines y calcetas para niños,0.0266,0.7888,0–4%
021,Jamón,0.3114,0.7396,0–4%
091,Mayonesa y mostaza,0.0731,0.6716,0–4%
069,Frijol procesado,0.0907,0.6708,0–4%
214,Gasolina de bajo octanaje,4.8245,0.4846,0–4%
154,Sábanas,0.0347,0.4715,0–4%
051,Naranja,0.1875,0.4704,0–4%
233,Servicio de telefonía móvil,1.8964,0.4117,0–4%
210,Neumáticos,0.2144,0.2401,0–4%
241,Artículos deportivos,0.0170,0.1012,0–4%
206,Automóviles,2.5590,-0.0776,Deflation
148,Comedores y antecomedores,0.0417,-0.1533,Deflation
153,Colchas y cobijas,0.0750,-0.2573,Deflation
230,"Reproductores de audio y video, y sus accesorios",0.0567,-0.3514,Deflation
159,Horno de microondas,0.0254,-0.4791,Deflation
052,Papaya,0.0867,-0.5293,Deflation
160,Lavadoras de ropa,0.1400,-0.5720,Deflation
156,Aparatos de aire acondicionado,0.0485,-0.6871,Deflation
055,Plátanos,0.2634,-0.7937,Deflation
146,Gas doméstico natural,0.1264,-0.8099,Deflation
038,Queso manchego y Chihuahua,0.0967,-0.8511,Deflation
137,Zapatos tenis,0.6886,-0.8894,Deflation
065,Chile serrano,0.0928,-0.9666,Deflation
078,Zanahoria,0.1170,-1.1951,Deflation
005,Harinas de trigo,0.0384,-1.7974,Deflation
105,Tequila,0.2953,-1.8146,Deflation
158,Estufas,0.0754,-2.5812,Deflation
017,Carne de cerdo,0.9322,-2.7967,Deflation
028,Pescado,0.2848,-3.0564,Deflation
145,Gas doméstico LP,1.4661,-3.7547,Deflation
161,Refrigeradores,0.1470,-3.8689,Deflation
070,Jitomate,0.7892,-4.2864,Deflation
001,Arroz,0.1891,-5.0492,Deflation
022,Pollo,1.7883,-5.1274,Deflation
060,Calabacita,0.1416,-5.1800,Deflation
063,Chile poblano,0.0510,-5.3131,Deflation
231,Televisores,0.1993,-5.3197,Deflation
046,Durazno,0.0125,-5.6467,Deflation
006,Maíz,0.2441,-5.6565,Deflation
072,Nopales,0.0724,-6.0744,Deflation
027,Camarón,0.0872,-6.6885,Deflation
081,Otros chiles frescos,0.0910,-6.8749,Deflation
054,Piña,0.0588,-6.9216,Deflation
053,Pera,0.0282,-7.3022,Deflation
079,Otras legumbres secas,0.0920,-11.2770,Deflation
068,Frijol,0.4110,-12.4626,Deflation
071,Lechuga y col,0.1444,-13.3420,Deflation
045,Aguacate,0.2123,-15.5966,Deflation
076,Tomate verde,0.1449,-17.7780,Deflation
031,Huevo,1.0237,-25.3046,Deflation
